{
  "overrides": [
    {
      "predicate": {
        "nbt": {"display": {"Name": "/(?i).*Next.*/"}}
      },
      "model": "converted:item/gui/general/next_button"
    },
    {
      "predicate": {
        "nbt": {"display": {"Name": "/(?i).*Previous.*/"}}
      },
      "model": "converted:item/gui/general/prev_button"
    },
    {
      "predicate": {
        "nbt": {"display": {"Name": "/(?i).*Quiver Arrow.*/"}}
      },
      "model": "converted:item/gui/general/menu_button_arrow"
    },
    {
      "predicate": {
        "nbt": {"display": {"Name": "/(?i).*Go Back.*/"}}
      },
      "model": "converted:item/gui/general/back_button"
    }
  ]
}