{
  "overrides": [
    {
      "predicate": {
        "nbt": {"display": {"Name": "/(?i).*\u00a7aSlayer.*/"}}
      },
      "model": "converted:item/gui/skills/skill_10"
    },
    {
      "predicate": {
        "nbt": {"display": {"Name": "/(?i).*End Stone Bow.*/"}}
      },
      "model": "converted:item/items/bows/endstone/endstone_bow_standby"
    },
    {
      "predicate": {
        "nbt": {"display": {"Name": "/(?i).*Runaan's Bow.*/"}}
      },
      "model": "converted:item/items/bows/runaan/runaan_bow_standby"
    },
    {
      "predicate": {
        "nbt": {"display": {"Name": "/(?i).*Ender Bow.*/"}}
      },
      "model": "converted:item/items/bows/ender/ender_bow_standby"
    },
    {
      "predicate": {
        "nbt": {"display": {"Name": "/(?i).*Mosquito Bow.*/"}}
      },
      "model": "converted:item/items/bows/mosquito/mosquito_bow_0"
    },
    {
      "predicate": {
        "nbt": {"display": {"Name": "/(?i).*Prismarine Bow.*/"}}
      },
      "model": "converted:item/items/bows/prismarine/prismarine_bow_standby"
    },
    {
      "predicate": {
        "nbt": {"display": {"Name": "/(?i).*Savanna Bow.*/"}}
      },
      "model": "converted:item/items/bows/savanna/savanna_bow_standby"
    },
    {
      "predicate": {
        "nbt": {"display": {"Name": "/(?i).*Hurricane Bow.*/"}}
      },
      "model": "converted:item/items/bows/hurricane/hurricane_bow_standby"
    },
    {
      "predicate": {
        "nbt": {"display": {"Name": "/(?i).*Wither Bow.*/"}}
      },
      "model": "converted:item/items/bows/wither/wither_bow_standby"
    },
    {
      "predicate": {
        "nbt": {"display": {"Name": "/(?i).*Magma Bow.*/"}}
      },
      "model": "converted:item/items/bows/magma/magma_bow_standby"
    },
    {
      "predicate": {
        "nbt": {"display": {"Name": "/(?i).*Slime Bow.*/"}}
      },
      "model": "converted:item/items/bows/slime/slime_bow_standby"
    },
    {
      "predicate": {
        "nbt": {"display": {"Name": "/(?i).*Scorpion Bow.*/"}}
      },
      "model": "converted:item/items/bows/scorpion/scorpion_bow_standby"
    },
    {
      "predicate": {
        "nbt": {"display": {"Name": "/(?i).*Explosive Bow.*/"}}
      },
      "model": "converted:item/items/bows/explosive/explosive_bow_standby"
    }
  ]
}