{
  "overrides": [
    {
      "predicate": {
        "nbt": {"display": {"Name": "/(?i).*End Stone Bow.*/"}},
				"pulling": 1,
				"pull": 0.9
      },
      "model": "converted:item/items/bows/endstone/endstone_bow_2"
    },
    {
      "predicate": {
        "nbt": {"display": {"Name": "/(?i).*Runaan's Bow.*/"}},
				"pulling": 1,
				"pull": 0.9
      },
      "model": "converted:item/items/bows/runaan/runaan_bow_2"
    },
    {
      "predicate": {
        "nbt": {"display": {"Name": "/(?i).*Ender Bow.*/"}},
				"pulling": 1,
				"pull": 0.9
      },
      "model": "converted:item/items/bows/ender/ender_bow_3"
    },
    {
      "predicate": {
        "nbt": {"display": {"Name": "/(?i).*Mosquito Bow.*/"}},
				"pulling": 1,
				"pull": 0.9
      },
      "model": "converted:item/items/bows/mosquito/mosquito_bow_3"
    },
    {
      "predicate": {
        "nbt": {"display": {"Name": "/(?i).*Prismarine Bow.*/"}},
				"pulling": 1,
				"pull": 0.9
      },
      "model": "converted:item/items/bows/prismarine/prismarine_bow_2"
    },
    {
      "predicate": {
        "nbt": {"display": {"Name": "/(?i).*Savanna Bow.*/"}},
				"pulling": 1,
				"pull": 0.9
      },
      "model": "converted:item/items/bows/savanna/savanna_bow_2"
    },
    {
      "predicate": {
        "nbt": {"display": {"Name": "/(?i).*Hurricane Bow.*/"}},
				"pulling": 1,
				"pull": 0.9
      },
      "model": "converted:item/items/bows/hurricane/hurricane_bow_2"
    },
    {
      "predicate": {
        "nbt": {"display": {"Name": "/(?i).*Wither Bow.*/"}},
				"pulling": 1,
				"pull": 0.9
      },
      "model": "converted:item/items/bows/wither/wither_bow_2"
    },
    {
      "predicate": {
        "nbt": {"display": {"Name": "/(?i).*Magma Bow.*/"}},
				"pulling": 1,
				"pull": 0.9
      },
      "model": "converted:item/items/bows/magma/magma_bow_3"
    },
    {
      "predicate": {
        "nbt": {"display": {"Name": "/(?i).*Slime Bow.*/"}},
				"pulling": 1,
				"pull": 0.9
      },
      "model": "converted:item/items/bows/slime/slime_bow_3"
    },
    {
      "predicate": {
        "nbt": {"display": {"Name": "/(?i).*Scorpion Bow.*/"}},
				"pulling": 1,
				"pull": 0.9
      },
      "model": "converted:item/items/bows/scorpion/scorpion_bow_3"
    },
    {
      "predicate": {
        "nbt": {"display": {"Name": "/(?i).*Explosive Bow.*/"}},
				"pulling": 1,
				"pull": 0.9
      },
      "model": "converted:item/items/bows/explosive/explosive_bow_2"
    }
  ]
}