{
	"credit": "Made with Blockbench",
	"ambientocclusion": false,
	"texture_size": [32, 32],
	"textures": {
		"2": "block/rail_special",
		"5": "block/rail_log",
		"particle": "block/activator_rail"
	},
	"elements": [
		{
			"from": [1, -0.3, -6.85],
			"to": [15, 0.2, -4.85],
			"rotation": {"angle": 45, "axis": "x", "origin": [0, 0, 16]},
			"faces": {
				"north": {"uv": [8, 6.75, 15, 7], "rotation": 180, "texture": "#2"},
				"east": {"uv": [14.75, 7, 15, 6], "rotation": 90, "texture": "#2"},
				"south": {"uv": [8, 6, 15, 6.25], "texture": "#2"},
				"west": {"uv": [8, 7, 8.25, 6], "rotation": 270, "texture": "#2"},
				"up": {"uv": [8, 3, 15, 2], "texture": "#2"},
				"down": {"uv": [15, 7, 8, 6], "rotation": 180, "texture": "#2"}
			}
		},
		{
			"from": [1, -0.3, 13.15],
			"to": [15, 0.2, 15.15],
			"rotation": {"angle": 45, "axis": "x", "origin": [0, 0, 16]},
			"faces": {
				"north": {"uv": [8, 7.75, 15, 8], "rotation": 180, "texture": "#2"},
				"east": {"uv": [14.75, 8, 15, 7], "rotation": 90, "texture": "#2"},
				"south": {"uv": [8, 7, 15, 7.25], "texture": "#2"},
				"west": {"uv": [8, 8, 8.25, 7], "rotation": 270, "texture": "#2"},
				"up": {"uv": [8, 4, 15, 3], "texture": "#2"},
				"down": {"uv": [15, 8, 8, 7], "rotation": 180, "texture": "#2"}
			}
		},
		{
			"from": [1, -0.3, -2.85],
			"to": [15, 0.2, -0.85],
			"rotation": {"angle": 45, "axis": "x", "origin": [0, 0, 16]},
			"faces": {
				"north": {"uv": [8, 7.75, 15, 8], "rotation": 180, "texture": "#2"},
				"east": {"uv": [14.75, 8, 15, 7], "rotation": 90, "texture": "#2"},
				"south": {"uv": [8, 7, 15, 7.25], "texture": "#2"},
				"west": {"uv": [8, 8, 8.25, 7], "rotation": 270, "texture": "#2"},
				"up": {"uv": [8, 4, 15, 3], "texture": "#2"},
				"down": {"uv": [15, 8, 8, 7], "rotation": 180, "texture": "#2"}
			}
		},
		{
			"from": [1, -0.3, 1.15],
			"to": [15, 0.2, 3.15],
			"rotation": {"angle": 45, "axis": "x", "origin": [0, 0, 16]},
			"faces": {
				"north": {"uv": [8, 4.75, 15, 5], "rotation": 180, "texture": "#2"},
				"east": {"uv": [14.75, 5, 15, 4], "rotation": 90, "texture": "#2"},
				"south": {"uv": [8, 4, 15, 4.25], "texture": "#2"},
				"west": {"uv": [8, 5, 8.25, 4], "rotation": 270, "texture": "#2"},
				"up": {"uv": [8, 1, 15, 0], "texture": "#2"},
				"down": {"uv": [15, 5, 8, 4], "rotation": 180, "texture": "#2"}
			}
		},
		{
			"from": [1, -0.3, 5.15],
			"to": [15, 0.2, 7.15],
			"rotation": {"angle": 45, "axis": "x", "origin": [0, 0, 16]},
			"faces": {
				"north": {"uv": [8, 5.75, 15, 6], "rotation": 180, "texture": "#2"},
				"east": {"uv": [14.75, 6, 15, 5], "rotation": 90, "texture": "#2"},
				"south": {"uv": [8, 5, 15, 5.25], "texture": "#2"},
				"west": {"uv": [8, 6, 8.25, 5], "rotation": 270, "texture": "#2"},
				"up": {"uv": [8, 2, 15, 1], "texture": "#2"},
				"down": {"uv": [15, 6, 8, 5], "rotation": 180, "texture": "#2"}
			}
		},
		{
			"from": [1, -0.3, 9.15],
			"to": [15, 0.2, 11.15],
			"rotation": {"angle": 45, "axis": "x", "origin": [0, 0, 16]},
			"faces": {
				"north": {"uv": [8, 6.75, 15, 7], "rotation": 180, "texture": "#2"},
				"east": {"uv": [14.75, 7, 15, 6], "rotation": 90, "texture": "#2"},
				"south": {"uv": [8, 6, 15, 6.25], "texture": "#2"},
				"west": {"uv": [8, 7, 8.25, 6], "rotation": 270, "texture": "#2"},
				"up": {"uv": [8, 3, 15, 2], "texture": "#2"},
				"down": {"uv": [15, 7, 8, 6], "rotation": 180, "texture": "#2"}
			}
		},
		{
			"from": [2, 0.2, -7.35],
			"to": [4, 0.7, 15.15],
			"rotation": {"angle": 45, "axis": "x", "origin": [0, 0, 16]},
			"faces": {
				"north": {"uv": [6, 0, 7, 0.25], "rotation": 180, "texture": "#2"},
				"east": {"uv": [6.75, 0, 7, 11.25], "rotation": 90, "texture": "#2"},
				"south": {"uv": [6, 11, 7, 11.25], "texture": "#2"},
				"west": {"uv": [6, 0, 6.25, 11.25], "rotation": 270, "texture": "#2"},
				"up": {"uv": [6, 0, 7, 11.25], "texture": "#2"},
				"down": {"uv": [6, 11.25, 7, 0], "texture": "#2"}
			}
		},
		{
			"from": [2, 1.7, -7.95],
			"to": [4, 2.2, 14.05],
			"rotation": {"angle": 45, "axis": "x", "origin": [0, 0, 16]},
			"faces": {
				"north": {"uv": [6, 0, 7, 0.25], "rotation": 180, "texture": "#2"},
				"east": {"uv": [6.75, 0, 7, 11.25], "rotation": 90, "texture": "#2"},
				"south": {"uv": [6, 11, 7, 11.25], "texture": "#2"},
				"west": {"uv": [6, 0, 6.25, 11.25], "rotation": 270, "texture": "#2"},
				"up": {"uv": [6, 0, 7, 11.25], "texture": "#2"},
				"down": {"uv": [6, 11.25, 7, 0], "texture": "#2"}
			}
		},
		{
			"from": [12, 0.2, -7.35],
			"to": [14, 0.7, 15.15],
			"rotation": {"angle": 45, "axis": "x", "origin": [0, 0, 16]},
			"faces": {
				"north": {"uv": [7, 0, 8, 0.25], "rotation": 180, "texture": "#2"},
				"east": {"uv": [7.75, 0, 8, 11.25], "rotation": 90, "texture": "#2"},
				"south": {"uv": [7, 11, 8, 11.25], "texture": "#2"},
				"west": {"uv": [7, 0, 7.25, 11.25], "rotation": 270, "texture": "#2"},
				"up": {"uv": [7, 0, 8, 11.25], "texture": "#2"},
				"down": {"uv": [7, 11.25, 8, 0], "texture": "#2"}
			}
		},
		{
			"from": [12, 1.7, -7.95],
			"to": [14, 2.2, 14.05],
			"rotation": {"angle": 45, "axis": "x", "origin": [0, 0, 16]},
			"faces": {
				"north": {"uv": [7, 0, 8, 0.25], "rotation": 180, "texture": "#2"},
				"east": {"uv": [7.75, 0, 8, 11.25], "rotation": 90, "texture": "#2"},
				"south": {"uv": [7, 11, 8, 11.25], "texture": "#2"},
				"west": {"uv": [7, 0, 7.25, 11.25], "rotation": 270, "texture": "#2"},
				"up": {"uv": [7, 0, 8, 11.25], "texture": "#2"},
				"down": {"uv": [7, 11.25, 8, 0], "texture": "#2"}
			}
		},
		{
			"from": [12.5, 0.7, -7.65],
			"to": [13.5, 1.7, 14.6],
			"rotation": {"angle": 45, "axis": "x", "origin": [0, 0, 16]},
			"faces": {
				"north": {"uv": [7.25, 0, 7.75, 0.25], "rotation": 180, "texture": "#2"},
				"east": {"uv": [7.5, 0, 7.75, 8], "texture": "#2"},
				"south": {"uv": [7.25, 7.75, 7.75, 8], "texture": "#2"},
				"west": {"uv": [7.25, 0, 7.5, 8], "texture": "#2"},
				"up": {"uv": [7.25, 7.75, 7.75, 8], "texture": "#2"},
				"down": {"uv": [7.25, 7.75, 7.75, 8], "texture": "#2"}
			}
		},
		{
			"from": [2.5, 0.7, -7.65],
			"to": [3.5, 1.7, 14.6],
			"rotation": {"angle": 45, "axis": "x", "origin": [0, 0, 16]},
			"faces": {
				"north": {"uv": [6.25, 0, 6.75, 0.25], "rotation": 180, "texture": "#2"},
				"east": {"uv": [6.5, 0, 6.75, 8], "texture": "#2"},
				"south": {"uv": [6.25, 7.75, 6.75, 8], "texture": "#2"},
				"west": {"uv": [6.25, 0, 6.5, 8], "texture": "#2"},
				"up": {"uv": [6.75, 0, 6.25, 0.25], "rotation": 180, "texture": "#2"},
				"down": {"uv": [6.75, 0, 6.25, 0.25], "rotation": 180, "texture": "#2"}
			}
		},
		{
			"from": [1.7, 3.3, 2.5],
			"to": [3.2, 14.3, 4],
			"rotation": {"angle": -45, "axis": "z", "origin": [0, 0, 16]},
			"faces": {
				"north": {"uv": [3, 0, 2.25, 5.5], "texture": "#5"},
				"east": {"uv": [2.25, 0, 1.5, 5.5], "texture": "#5"},
				"south": {"uv": [1.5, 0, 0.75, 5.5], "texture": "#5"},
				"west": {"uv": [0.75, 0, 0, 5.5], "texture": "#5"}
			}
		},
		{
			"from": [11, 0, 2],
			"to": [15, 9, 6],
			"faces": {
				"north": {"uv": [10, 0, 8, 4.5], "texture": "#5"},
				"east": {"uv": [16, 0, 14, 4.5], "texture": "#5"},
				"south": {"uv": [14, 0, 12, 4.5], "texture": "#5"},
				"west": {"uv": [12, 0, 10, 4.5], "texture": "#5"},
				"up": {"uv": [6, 0, 8, 2], "texture": "#5"},
				"down": {"uv": [6, 0, 8, 2], "texture": "#5"}
			}
		},
		{
			"from": [1, 0, 2],
			"to": [5, 9, 6],
			"faces": {
				"north": {"uv": [10, 0, 8, 4.5], "texture": "#5"},
				"east": {"uv": [16, 0, 14, 4.5], "texture": "#5"},
				"south": {"uv": [14, 0, 12, 4.5], "texture": "#5"},
				"west": {"uv": [12, 0, 10, 4.5], "texture": "#5"},
				"up": {"uv": [6, 0, 8, 2], "texture": "#5"},
				"down": {"uv": [6, 0, 8, 2], "texture": "#5"}
			}
		},
		{
			"from": [12.8, 3.3, 4],
			"to": [14.3, 14.3, 5.5],
			"rotation": {"angle": 45, "axis": "z", "origin": [16, 0, 0]},
			"faces": {
				"north": {"uv": [1.5, 0, 0.75, 5.5], "texture": "#5"},
				"east": {"uv": [0.75, 0, 0, 5.5], "texture": "#5"},
				"south": {"uv": [3, 0, 2.25, 5.5], "texture": "#5"},
				"west": {"uv": [2.25, 0, 1.5, 5.5], "texture": "#5"}
			}
		},
		{
			"from": [2, -2.3, -6.35],
			"to": [4, -0.3, 14.65],
			"rotation": {"angle": 45, "axis": "x", "origin": [0, 0, 16]},
			"faces": {
				"north": {"uv": [4, 0, 5, 1], "rotation": 90, "texture": "#5"},
				"east": {"uv": [0, 0, 1, 10.5], "rotation": 90, "texture": "#5"},
				"south": {"uv": [4, 0, 5, 1], "texture": "#5"},
				"west": {"uv": [3, 10.5, 2, 0], "rotation": 90, "texture": "#5"},
				"up": {"uv": [3, 0, 4, 10.5], "texture": "#5"},
				"down": {"uv": [2, 10.5, 1, 0], "texture": "#5"}
			}
		},
		{
			"from": [12, -2.3, -6.35],
			"to": [14, -0.3, 14.65],
			"rotation": {"angle": 45, "axis": "x", "origin": [0, 0, 16]},
			"faces": {
				"north": {"uv": [4, 0, 5, 1], "rotation": 90, "texture": "#5"},
				"east": {"uv": [0, 0, 1, 10.5], "rotation": 90, "texture": "#5"},
				"south": {"uv": [4, 0, 5, 1], "texture": "#5"},
				"west": {"uv": [3, 10.5, 2, 0], "rotation": 90, "texture": "#5"},
				"up": {"uv": [3, 0, 4, 10.5], "texture": "#5"},
				"down": {"uv": [2, 10.5, 1, 0], "texture": "#5"}
			}
		},
		{
			"from": [10, 8.49049, 16.835],
			"to": [12, 8.99049, 18.835],
			"rotation": {"angle": 45, "axis": "x", "origin": [8, 8.59343, 7.835]},
			"faces": {
				"north": {"uv": [2, 0.75, 3, 1], "texture": "#2"},
				"south": {"uv": [2, 0, 3, 0.25], "texture": "#2"},
				"west": {"uv": [2.75, 0, 3, 1], "rotation": 90, "texture": "#2"},
				"up": {"uv": [2, 0, 3, 1], "rotation": 180, "texture": "#2"}
			}
		},
		{
			"from": [10, 8.49049, -3.165],
			"to": [12, 8.99049, -1.165],
			"rotation": {"angle": 45, "axis": "x", "origin": [8, 8.59343, 7.835]},
			"faces": {
				"north": {"uv": [2, 1.75, 3, 2], "texture": "#2"},
				"south": {"uv": [2, 1, 3, 1.25], "texture": "#2"},
				"west": {"uv": [2.75, 1, 3, 2], "rotation": 90, "texture": "#2"},
				"up": {"uv": [2, 1, 3, 2], "rotation": 180, "texture": "#2"}
			}
		},
		{
			"from": [10, 8.49049, 0.835],
			"to": [12, 8.99049, 2.835],
			"rotation": {"angle": 45, "axis": "x", "origin": [8, 8.59343, 7.835]},
			"faces": {
				"north": {"uv": [2, 0.75, 3, 1], "texture": "#2"},
				"south": {"uv": [2, 0, 3, 0.25], "texture": "#2"},
				"west": {"uv": [2.75, 0, 3, 1], "rotation": 90, "texture": "#2"},
				"up": {"uv": [2, 0, 3, 1], "rotation": 180, "texture": "#2"}
			}
		},
		{
			"from": [7, 7.99049, 14.835],
			"to": [9, 8.49049, 16.835],
			"rotation": {"angle": 45, "axis": "x", "origin": [8, 8.59343, 7.835]},
			"faces": {
				"east": {"uv": [3, 0, 3.25, 1], "rotation": 90, "texture": "#2"},
				"west": {"uv": [3.75, 0, 4, 1], "rotation": 90, "texture": "#2"},
				"up": {"uv": [3, 0, 4, 1], "rotation": 180, "texture": "#2"},
				"down": {"uv": [3, 1, 4, 0], "rotation": 180, "texture": "#2"}
			}
		},
		{
			"from": [7, 7.99049, 10.835],
			"to": [9, 8.49049, 12.835],
			"rotation": {"angle": 45, "axis": "x", "origin": [8, 8.59343, 7.835]},
			"faces": {
				"east": {"uv": [3, 2, 3.25, 1], "rotation": 90, "texture": "#2"},
				"west": {"uv": [3.75, 1, 4, 2], "rotation": 90, "texture": "#2"},
				"up": {"uv": [3, 1, 4, 2], "rotation": 180, "texture": "#2"},
				"down": {"uv": [3, 2, 4, 1], "rotation": 180, "texture": "#2"}
			}
		},
		{
			"from": [7, 7.99049, 6.835],
			"to": [9, 8.49049, 8.835],
			"rotation": {"angle": 45, "axis": "x", "origin": [8, 8.59343, 7.835]},
			"faces": {
				"east": {"uv": [3, 3, 3.25, 2], "rotation": 90, "texture": "#2"},
				"west": {"uv": [3.75, 2, 4, 3], "rotation": 90, "texture": "#2"},
				"up": {"uv": [3, 2, 4, 3], "rotation": 180, "texture": "#2"},
				"down": {"uv": [3, 3, 4, 2], "rotation": 180, "texture": "#2"}
			}
		},
		{
			"from": [7, 7.99049, 2.835],
			"to": [9, 8.49049, 4.835],
			"rotation": {"angle": 45, "axis": "x", "origin": [8, 8.59343, 7.835]},
			"faces": {
				"east": {"uv": [3, 4, 3.25, 3], "rotation": 90, "texture": "#2"},
				"west": {"uv": [3.75, 3, 4, 4], "rotation": 90, "texture": "#2"},
				"up": {"uv": [3, 3, 4, 4], "rotation": 180, "texture": "#2"},
				"down": {"uv": [3, 4, 4, 3], "rotation": 180, "texture": "#2"}
			}
		},
		{
			"from": [7, 7.99049, -1.165],
			"to": [9, 8.49049, 0.835],
			"rotation": {"angle": 45, "axis": "x", "origin": [8, 8.59343, 7.835]},
			"faces": {
				"east": {"uv": [3, 0, 3.25, 1], "rotation": 90, "texture": "#2"},
				"west": {"uv": [3.75, 0, 4, 1], "rotation": 90, "texture": "#2"},
				"up": {"uv": [3, 0, 4, 1], "rotation": 180, "texture": "#2"},
				"down": {"uv": [3, 1, 4, 0], "rotation": 180, "texture": "#2"}
			}
		},
		{
			"from": [4, 8.49049, 16.835],
			"to": [6, 8.99049, 18.835],
			"rotation": {"angle": 45, "axis": "x", "origin": [8, 8.59343, 7.835]},
			"faces": {
				"north": {"uv": [3, 0.75, 4, 1], "texture": "#2"},
				"east": {"uv": [3, 0, 3.25, 1], "rotation": 90, "texture": "#2"},
				"south": {"uv": [3, 0, 4, 0.25], "texture": "#2"},
				"up": {"uv": [3, 0, 4, 1], "rotation": 180, "texture": "#2"}
			}
		},
		{
			"from": [4, 8.49049, 12.835],
			"to": [6, 8.99049, 14.835],
			"rotation": {"angle": 45, "axis": "x", "origin": [8, 8.59343, 7.835]},
			"faces": {
				"north": {"uv": [3, 1.75, 4, 2], "texture": "#2"},
				"east": {"uv": [3, 2, 3.25, 1], "rotation": 90, "texture": "#2"},
				"south": {"uv": [3, 1, 4, 1.25], "texture": "#2"},
				"up": {"uv": [3, 1, 4, 2], "rotation": 180, "texture": "#2"}
			}
		},
		{
			"from": [4, 8.49049, 8.835],
			"to": [6, 8.99049, 10.835],
			"rotation": {"angle": 45, "axis": "x", "origin": [8, 8.59343, 7.835]},
			"faces": {
				"north": {"uv": [3, 2.75, 4, 3], "texture": "#2"},
				"east": {"uv": [3, 3, 3.25, 2], "rotation": 90, "texture": "#2"},
				"south": {"uv": [3, 2, 4, 2.25], "texture": "#2"},
				"up": {"uv": [3, 2, 4, 3], "rotation": 180, "texture": "#2"}
			}
		},
		{
			"from": [4, 8.49049, 4.835],
			"to": [6, 8.99049, 6.835],
			"rotation": {"angle": 45, "axis": "x", "origin": [8, 8.59343, 7.835]},
			"faces": {
				"north": {"uv": [3, 3.75, 4, 4], "texture": "#2"},
				"east": {"uv": [3, 4, 3.25, 3], "rotation": 90, "texture": "#2"},
				"south": {"uv": [3, 3, 4, 3.25], "texture": "#2"},
				"up": {"uv": [3, 3, 4, 4], "rotation": 180, "texture": "#2"}
			}
		},
		{
			"from": [4, 8.49049, 0.835],
			"to": [6, 8.99049, 2.835],
			"rotation": {"angle": 45, "axis": "x", "origin": [8, 8.59343, 7.835]},
			"faces": {
				"north": {"uv": [3, 0.75, 4, 1], "texture": "#2"},
				"east": {"uv": [3, 0, 3.25, 1], "rotation": 90, "texture": "#2"},
				"south": {"uv": [3, 0, 4, 0.25], "texture": "#2"},
				"up": {"uv": [3, 0, 4, 1], "rotation": 180, "texture": "#2"}
			}
		},
		{
			"from": [4, 8.49049, -3.165],
			"to": [6, 8.99049, -1.165],
			"rotation": {"angle": 45, "axis": "x", "origin": [8, 8.59343, 7.835]},
			"faces": {
				"north": {"uv": [3, 1.75, 4, 2], "texture": "#2"},
				"east": {"uv": [3, 2, 3.25, 1], "rotation": 90, "texture": "#2"},
				"south": {"uv": [3, 1, 4, 1.25], "texture": "#2"},
				"up": {"uv": [3, 1, 4, 2], "rotation": 180, "texture": "#2"}
			}
		},
		{
			"from": [10, 8.49049, 12.835],
			"to": [12, 8.99049, 14.835],
			"rotation": {"angle": 45, "axis": "x", "origin": [8, 8.59343, 7.835]},
			"faces": {
				"north": {"uv": [2, 1.75, 3, 2], "texture": "#2"},
				"south": {"uv": [2, 1, 3, 1.25], "texture": "#2"},
				"west": {"uv": [2.75, 1, 3, 2], "rotation": 90, "texture": "#2"},
				"up": {"uv": [2, 1, 3, 2], "rotation": 180, "texture": "#2"}
			}
		},
		{
			"from": [10, 8.49049, 8.835],
			"to": [12, 8.99049, 10.835],
			"rotation": {"angle": 45, "axis": "x", "origin": [8, 8.59343, 7.835]},
			"faces": {
				"north": {"uv": [2, 2.75, 3, 3], "texture": "#2"},
				"south": {"uv": [2, 2, 3, 2.25], "texture": "#2"},
				"west": {"uv": [2.75, 2, 3, 3], "rotation": 90, "texture": "#2"},
				"up": {"uv": [2, 2, 3, 3], "rotation": 180, "texture": "#2"}
			}
		},
		{
			"from": [10, 8.49049, 4.835],
			"to": [12, 8.99049, 6.835],
			"rotation": {"angle": 45, "axis": "x", "origin": [8, 8.59343, 7.835]},
			"faces": {
				"north": {"uv": [2, 3.75, 3, 4], "texture": "#2"},
				"south": {"uv": [2, 3, 3, 3.25], "texture": "#2"},
				"west": {"uv": [2.75, 3, 3, 4], "rotation": 90, "texture": "#2"},
				"up": {"uv": [2, 3, 3, 4], "rotation": 180, "texture": "#2"}
			}
		}
	],
	"display": {
		"thirdperson_righthand": {
			"rotation": [91, 3, -90],
			"translation": [5.3, -1.5, 2]
		},
		"thirdperson_lefthand": {
			"rotation": [90, 0, -90],
			"translation": [5.4, -1.5, 2]
		},
		"firstperson_righthand": {
			"rotation": [40, 0, 80],
			"translation": [-6.2, 4, 2.8],
			"scale": [0.8, 0.8, 0.8]
		},
		"firstperson_lefthand": {
			"rotation": [40, 0, 80],
			"translation": [-3.5, 4, 2.8],
			"scale": [0.8, 0.8, 0.8]
		},
		"ground": {
			"translation": [0, 1.8, 0],
			"scale": [0.5, 0.5, 0.5]
		},
		"gui": {
			"rotation": [30, 225, 0],
			"scale": [0.625, 0.625, 0.625]
		},
		"fixed": {
			"rotation": [-90, 0, 0],
			"translation": [0, 0, -7.5]
		}
	},
	"groups": [
		{
			"name": "rail",
			"origin": [8, 8, 8],
			"color": 0,
			"children": [0, 1, 2, 3, 4, 5, 6, 7, 8, 9, 10, 11]
		},
		{
			"name": "raised",
			"origin": [8, 8, 8],
			"color": 0,
			"children": [12, 13, 14, 15, 16, 17]
		},
		{
			"name": "activator",
			"origin": [8, 8, 8],
			"color": 0,
			"children": [18, 19, 20, 21, 22, 23, 24, 25, 26, 27, 28, 29, 30, 31, 32, 33, 34]
		}
	]
}