{
	"credit": "Made with Blockbench",
	"ambientocclusion": false,
	"texture_size": [32, 32],
	"textures": {
		"2": "block/rail_special",
		"3": "block/rail_corner",
		"particle": "block/rail"
	},
	"elements": [
		{
			"from": [2, 2, 2],
			"to": [16, 2.5, 4],
			"rotation": {"angle": 0, "axis": "y", "origin": [8, 0, 7]},
			"faces": {
				"north": {"uv": [16, 2, 2, 2.5], "texture": "#3"},
				"east": {"uv": [15.5, 2, 16, 4], "rotation": 90, "texture": "#3"},
				"south": {"uv": [2, 3.5, 16, 4], "texture": "#3"},
				"west": {"uv": [2, 4, 2.5, 2], "rotation": 90, "texture": "#3"},
				"up": {"uv": [2, 2, 16, 4], "texture": "#3"},
				"down": {"uv": [2, 4, 16, 2], "texture": "#3"}
			}
		},
		{
			"from": [14, 2, 12],
			"to": [16, 2.5, 14],
			"rotation": {"angle": 0, "axis": "y", "origin": [8, 0, 7]},
			"faces": {
				"north": {"uv": [16, 12, 14, 12.5], "texture": "#3"},
				"east": {"uv": [15.5, 12, 16, 14], "rotation": 90, "texture": "#3"},
				"south": {"uv": [14, 13.5, 16, 14], "texture": "#3"},
				"up": {"uv": [14, 12, 16, 14], "texture": "#3"},
				"down": {"uv": [14, 14, 16, 12], "texture": "#3"}
			}
		},
		{
			"from": [14, 0.5, 12],
			"to": [16, 1, 14],
			"rotation": {"angle": 0, "axis": "y", "origin": [8, 0, 7]},
			"faces": {
				"north": {"uv": [16, 12, 14, 12.5], "texture": "#3"},
				"east": {"uv": [15.5, 12, 16, 14], "rotation": 90, "texture": "#3"},
				"south": {"uv": [14, 13.5, 16, 14], "texture": "#3"},
				"up": {"uv": [14, 12, 16, 14], "texture": "#3"},
				"down": {"uv": [14, 14, 16, 12], "texture": "#3"}
			}
		},
		{
			"from": [2, 0.5, 2],
			"to": [16, 1, 4],
			"rotation": {"angle": 0, "axis": "y", "origin": [8, 0, 7]},
			"faces": {
				"north": {"uv": [16, 2, 2, 2.5], "texture": "#3"},
				"east": {"uv": [15.5, 2, 16, 4], "rotation": 90, "texture": "#3"},
				"south": {"uv": [2, 3.5, 16, 4], "texture": "#3"},
				"west": {"uv": [2, 4, 2.5, 2], "rotation": 90, "texture": "#3"},
				"up": {"uv": [2, 2, 16, 4], "texture": "#3"},
				"down": {"uv": [2, 4, 16, 2], "texture": "#3"}
			}
		},
		{
			"from": [13.5, 1, 12.5],
			"to": [16, 2, 13.5],
			"rotation": {"angle": 0, "axis": "y", "origin": [8, 0, 7]},
			"faces": {
				"north": {"uv": [7.5, 7.75, 7.25, 8], "texture": "#2"},
				"east": {"uv": [7.25, 0, 7.75, 0.25], "rotation": 180, "texture": "#2"},
				"south": {"uv": [6.25, 7.75, 6.5, 8], "texture": "#2"},
				"west": {"uv": [7.25, 7.75, 7.75, 8], "texture": "#2"}
			}
		},
		{
			"from": [3.5, 1, 2.5],
			"to": [16, 2, 3.5],
			"rotation": {"angle": 0, "axis": "y", "origin": [8, 0, 7]},
			"faces": {
				"north": {"uv": [6.25, 7.75, 6.5, 8], "rotation": 90, "texture": "#2"},
				"east": {"uv": [6.25, 0, 6.75, 0.25], "rotation": 180, "texture": "#2"},
				"south": {"uv": [7.5, 7.75, 7.25, 8], "texture": "#2"}
			}
		},
		{
			"from": [2, 2, 4],
			"to": [4, 2.5, 16],
			"faces": {
				"east": {"uv": [3.5, 4, 4, 16], "rotation": 90, "texture": "#3"},
				"south": {"uv": [2, 15.5, 4, 16], "texture": "#3"},
				"west": {"uv": [2, 16, 2.5, 4], "rotation": 90, "texture": "#3"},
				"up": {"uv": [2, 4, 4, 16], "texture": "#3"},
				"down": {"uv": [2, 16, 4, 4], "texture": "#3"}
			}
		},
		{
			"from": [12, 2, 12],
			"to": [14, 2.5, 16],
			"faces": {
				"north": {"uv": [14, 12, 12, 12.5], "texture": "#3"},
				"east": {"uv": [13.5, 12, 14, 16], "rotation": 90, "texture": "#3"},
				"south": {"uv": [12, 15.5, 14, 16], "texture": "#3"},
				"west": {"uv": [12, 16, 12.5, 12], "rotation": 90, "texture": "#3"},
				"up": {"uv": [12, 12, 14, 16], "texture": "#3"},
				"down": {"uv": [12, 16, 14, 12], "texture": "#3"}
			}
		},
		{
			"from": [12, 0.5, 12],
			"to": [14, 1, 16],
			"faces": {
				"north": {"uv": [14, 12, 12, 12.5], "texture": "#3"},
				"east": {"uv": [13.5, 12, 14, 16], "rotation": 90, "texture": "#3"},
				"south": {"uv": [12, 15.5, 14, 16], "texture": "#3"},
				"west": {"uv": [12, 16, 12.5, 12], "rotation": 90, "texture": "#3"},
				"up": {"uv": [12, 12, 14, 16], "texture": "#3"},
				"down": {"uv": [12, 16, 14, 12], "texture": "#3"}
			}
		},
		{
			"from": [2, 0.5, 4],
			"to": [4, 1, 16],
			"faces": {
				"east": {"uv": [3.5, 4, 4, 16], "rotation": 90, "texture": "#3"},
				"south": {"uv": [2, 15.5, 4, 16], "texture": "#3"},
				"west": {"uv": [2, 16, 2.5, 4], "rotation": 90, "texture": "#3"},
				"up": {"uv": [2, 4, 4, 16], "texture": "#3"},
				"down": {"uv": [2, 16, 4, 4], "texture": "#3"}
			}
		},
		{
			"from": [12.5, 1, 12.5],
			"to": [13.5, 2, 16],
			"faces": {
				"north": {"uv": [7.5, 7.75, 7.25, 8], "texture": "#2"},
				"east": {"uv": [6.25, 7.75, 6.5, 8], "texture": "#2"},
				"south": {"uv": [7.25, 7.75, 7.75, 8], "texture": "#2"},
				"west": {"uv": [7.5, 7.75, 7.25, 8], "texture": "#2"}
			}
		},
		{
			"from": [2.5, 1, 2.5],
			"to": [3.5, 2, 16],
			"faces": {
				"north": {"uv": [6.25, 7.75, 6.5, 8], "texture": "#2"},
				"east": {"uv": [7.5, 7.75, 7.25, 8], "texture": "#2"},
				"south": {"uv": [6.25, 7.75, 6.75, 8], "texture": "#2"},
				"west": {"uv": [6.25, 7.75, 6.5, 8], "texture": "#2"}
			}
		},
		{
			"from": [13, 0.01, 1],
			"to": [15, 0.51, 15],
			"rotation": {"angle": 0, "axis": "y", "origin": [14, 0.26, 8]},
			"faces": {
				"north": {"uv": [8, 7, 8.24, 6], "rotation": 270, "texture": "#2"},
				"east": {"uv": [8, 6.75, 15, 6.99], "rotation": 180, "texture": "#2"},
				"west": {"uv": [8, 6, 15, 6.25], "texture": "#2"},
				"up": {"uv": [8, 7, 15, 6], "rotation": 90, "texture": "#2"},
				"down": {"uv": [15, 7, 8, 6], "rotation": 90, "texture": "#2"}
			}
		},
		{
			"from": [5.76256, 0.02, 4.51256],
			"to": [7.76256, 0.52, 18.51256],
			"rotation": {"angle": 45, "axis": "y", "origin": [6.76256, 0.27, 6.76256]},
			"faces": {
				"east": {"uv": [8, 5.75, 15, 6], "rotation": 180, "texture": "#2"},
				"south": {"uv": [8, 6, 8.24, 5], "rotation": 90, "texture": "#2"},
				"west": {"uv": [8, 5, 15, 5.25], "texture": "#2"},
				"up": {"uv": [8, 6, 15, 5], "rotation": 90, "texture": "#2"},
				"down": {"uv": [15, 6, 8, 5], "rotation": 90, "texture": "#2"}
			}
		},
		{
			"from": [5.76256, 0.02, -0.48744],
			"to": [7.76256, 0.52, 4.51256],
			"rotation": {"angle": 45, "axis": "y", "origin": [6.76256, 0.27, 6.76256]},
			"faces": {
				"north": {"uv": [8, 6, 8.24, 5], "rotation": 270, "texture": "#2"},
				"east": {"uv": [8, 5.75, 10.5, 6], "rotation": 180, "texture": "#2"},
				"west": {"uv": [8, 5, 10.5, 5.25], "texture": "#2"},
				"up": {"uv": [8, 6, 10.5, 5], "rotation": 90, "texture": "#2"},
				"down": {"uv": [10.5, 6, 8, 5], "rotation": 90, "texture": "#2"}
			}
		},
		{
			"from": [1, 0, 13],
			"to": [15, 0.5, 15],
			"rotation": {"angle": 0, "axis": "y", "origin": [8, 0.25, 14]},
			"faces": {
				"north": {"uv": [8, 4.75, 15, 4.99], "rotation": 180, "texture": "#2"},
				"south": {"uv": [8, 4, 15, 4.24], "texture": "#2"},
				"west": {"uv": [8, 5, 8.24, 4], "rotation": 270, "texture": "#2"},
				"up": {"uv": [8, 5, 15, 4], "texture": "#2"},
				"down": {"uv": [15, 5, 8, 4], "rotation": 180, "texture": "#2"}
			}
		}
	]
}