{
  "overrides": [
    {
      "predicate": {
        "nbt": {"display": {"Name": "/(?i).*Skeleton's Helmet.*/"}}
      },
      "texture": "converted:textures/armor/armor/monster_hunter/monster_set_layer0"
    },
    {
      "predicate": {
        "nbt": {"display": {"Name": "/(?i).*Spider's Boots.*/"}}
      },
      "texture": "converted:textures/armor/armor/monster_hunter/monster_set_layer0"
    },
    {
      "predicate": {
        "nbt": {"display": {"Name": "/(?i).*golem armor .*/"}}
      },
      "texture": "converted:textures/armor/armor/golem/golem_layer_1"
    }
  ]
}