{
  "overrides": [
    {
      "predicate": {
        "nbt": {"display": {"Name": "/(?i).*Mushroom.*/"}}
      },
      "texture": "converted:textures/armor/armor/mushroom/mushroom_armor_layer0"
    },
    {
      "predicate": {
        "nbt": {"display": {"Name": "/(?i).*Miner's Outfit.*/"}}
      },
      "texture": "converted:textures/armor/armor/miners_outfit/miners_outfit_layer0"
    },
    {
      "predicate": {
        "nbt": {"display": {"Name": "/(?i).*Speedster.*/"}}
      },
      "texture": "converted:textures/armor/armor/speedster/speedster_armor_layer0"
    },
    {
      "predicate": {
        "nbt": {"display": {"Name": "/(?i).*Growth.*/"}}
      },
      "texture": "converted:textures/armor/armor/growth/growth_armor_layer0"
    },
    {
      "predicate": {
        "nbt": {"display": {"Name": "/(?i).*Cactus.*/"}}
      },
      "texture": "converted:textures/armor/armor/cactus/cactus_armor_layer0"
    },
    {
      "predicate": {
        "nbt": {"display": {"Name": "/(?i).*Obsidian Chestplate.*/"}}
      },
      "texture": "converted:textures/armor/armor/obsidian/obsidian_chestplate"
    },
    {
      "predicate": {
        "nbt": {"display": {"Name": "/(?i).*Young Dragon.*/"}}
      },
      "texture": "converted:textures/armor/armor/dragon/young/young_dragon_layer0"
    },
    {
      "predicate": {
        "nbt": {"display": {"Name": "/(?i).*Unstable Dragon.*/"}}
      },
      "texture": "converted:textures/armor/armor/dragon/unstable/unstable_dragon_layer0"
    },
    {
      "predicate": {
        "nbt": {"display": {"Name": "/(?i).*Protector Dragon.*/"}}
      },
      "texture": "converted:textures/armor/armor/dragon/protector/protector_dragon_layer0"
    },
    {
      "predicate": {
        "nbt": {"display": {"Name": "/(?i).*Superior Dragon.*/"}}
      },
      "texture": "converted:textures/armor/armor/dragon/superior/superior_dragon_layer0"
    },
    {
      "predicate": {
        "nbt": {"display": {"Name": "/(?i).*Old Dragon.*/"}}
      },
      "texture": "converted:textures/armor/armor/dragon/old/old_dragon_layer0"
    },
    {
      "predicate": {
        "nbt": {"display": {"Name": "/(?i).*Wise Dragon.*/"}}
      },
      "texture": "converted:textures/armor/armor/dragon/wise/wise_dragon_layer0"
    },
    {
      "predicate": {
        "nbt": {"display": {"Name": "/(?i).*Strong Dragon.*/"}}
      },
      "texture": "converted:textures/armor/armor/dragon/strong/strong_dragon_layer0"
    },
    {
      "predicate": {
        "nbt": {"display": {"Name": "/(?i).*Guardian Chestplate.*/"}}
      },
      "texture": "converted:textures/armor/armor/monster_hunter/monster_set_layer0"
    },
    {
      "predicate": {
        "nbt": {"display": {"Name": "/(?i).*Leaflet.*/"}}
      },
      "texture": "converted:textures/armor/armor/leaflet/leaflet_armor_layer0"
    },
    {
      "predicate": {
        "nbt": {"display": {"Name": "/(?i).*Lapis Armor.*/"}}
      },
      "texture": "converted:textures/armor/armor/lapis/lapis_armor_top"
    },
    {
      "predicate": {
        "nbt": {"display": {"Name": "/(?i).*Emerald Armor.*/"}}
      },
      "texture": "converted:textures/armor/armor/emerald/emerald_armor_top"
    },
    {
      "predicate": {
        "nbt": {"display": {"Name": "/(?i).*Armor of Magma.*/"}}
      },
      "texture": "converted:textures/armor/armor/magma/magma_armor_top"
    }
  ]
}