{
	"credit": "Made with Blockbench",
	"ambientocclusion": false,
	"textures": {
		"1": "block/dripstone_block",
		"particle": "block/dripstone_block"
	},
	"elements": [
		{
			"from": [5, 0, 5],
			"to": [11, 16, 11],
			"rotation": {"angle": 0, "axis": "y", "origin": [5, 8, 5]},
			"faces": {
				"north": {"uv": [5, 0, 11, 16], "texture": "#1"},
				"east": {"uv": [5, 0, 11, 16], "texture": "#1"},
				"south": {"uv": [5, 0, 11, 16], "texture": "#1"},
				"west": {"uv": [5, 0, 11, 16], "texture": "#1"},
				"up": {"uv": [4.5, 4.5, 10.5, 10.5], "texture": "#1"},
				"down": {"uv": [4.5, 4.5, 10.5, 10.5], "texture": "#1"}
			}
		},
		{
			"from": [4, 6, 8],
			"to": [8, 16, 12],
			"rotation": {"angle": 0, "axis": "y", "origin": [-1, 8, 4]},
			"faces": {
				"north": {"uv": [8, 0, 12, 10], "texture": "#1"},
				"east": {"uv": [4, 0, 8, 10], "texture": "#1"},
				"south": {"uv": [4, 0, 8, 10], "texture": "#1"},
				"west": {"uv": [8, 0, 12, 10], "texture": "#1"},
				"down": {"uv": [7.5, 7.5, 11.5, 11.5], "texture": "#1"}
			}
		},
		{
			"from": [4, 16, 11],
			"to": [8, 16, 12],
			"rotation": {"angle": 0, "axis": "y", "origin": [-1, 8, 4]},
			"faces": {
				"north": {"uv": [0, 10, 4, 0], "texture": "#1"},
				"east": {"uv": [0, 10, 4, 0], "texture": "#1"},
				"south": {"uv": [0, 10, 4, 0], "texture": "#1"},
				"west": {"uv": [0, 10, 4, 0], "texture": "#1"},
				"up": {"uv": [7.5, 10.5, 11.5, 11.5], "texture": "#1"},
				"down": {"uv": [4, 0, 0, 4], "texture": "#1"}
			}
		},
		{
			"from": [4, 16, 8],
			"to": [5, 16, 11],
			"rotation": {"angle": 0, "axis": "y", "origin": [-1, 8, 4]},
			"faces": {
				"north": {"uv": [0, 10, 4, 0], "texture": "#1"},
				"east": {"uv": [0, 10, 4, 0], "texture": "#1"},
				"south": {"uv": [0, 10, 4, 0], "texture": "#1"},
				"west": {"uv": [0, 10, 4, 0], "texture": "#1"},
				"up": {"uv": [10.5, 7.5, 11.5, 10.5], "texture": "#1"},
				"down": {"uv": [4, 0, 0, 4], "texture": "#1"}
			}
		},
		{
			"from": [9, -10, 4],
			"to": [12, 0, 7],
			"rotation": {"angle": 0, "axis": "y", "origin": [3, 8, -3]},
			"faces": {
				"north": {"uv": [4, 0, 7, 10], "texture": "#1"},
				"east": {"uv": [9, 0, 12, 10], "texture": "#1"},
				"south": {"uv": [9, 0, 12, 10], "texture": "#1"},
				"west": {"uv": [4, 0, 7, 10], "texture": "#1"},
				"down": {"uv": [3.5, 3.5, 6.5, 6.5], "texture": "#1"}
			}
		},
		{
			"from": [9, 0, 4],
			"to": [12, 16, 7],
			"rotation": {"angle": 0, "axis": "y", "origin": [3, 8, -3]},
			"faces": {
				"north": {"uv": [4, 0, 7, 16], "texture": "#1"},
				"east": {"uv": [9, 0, 12, 16], "texture": "#1"},
				"south": {"uv": [9, 0, 12, 16], "texture": "#1"},
				"west": {"uv": [4, 0, 7, 16], "texture": "#1"}
			}
		},
		{
			"from": [9, 16, 4],
			"to": [12, 16, 5],
			"rotation": {"angle": 0, "axis": "y", "origin": [3, 8, -3]},
			"faces": {
				"up": {"uv": [3.5, 3.5, 6.5, 4.5], "texture": "#1"}
			}
		},
		{
			"from": [11, 16, 5],
			"to": [12, 16, 7],
			"rotation": {"angle": 0, "axis": "y", "origin": [3, 8, -3]},
			"faces": {
				"up": {"uv": [3.5, 4.5, 4.5, 6.5], "texture": "#1"}
			}
		}
	]
}