{
	"credit": "Made with Blockbench",
	"ambientocclusion": false,
	"parent": "minecraft:block/pointed_dripstone",
	"textures": {
		"1": "block/dripstone_block",
		"particle": "block/dripstone_block"
	},
	"elements": [
		{
			"from": [6, 0, 6],
			"to": [10, 16, 10],
			"rotation": {"angle": 0, "axis": "y", "origin": [8, 16, 8]},
			"faces": {
				"north": {"uv": [5.5, 0, 9.5, 16], "texture": "#1"},
				"east": {"uv": [5.5, 0, 9.5, 16], "texture": "#1"},
				"south": {"uv": [5.5, 0, 9.5, 16], "texture": "#1"},
				"west": {"uv": [5.5, 0, 9.5, 16], "texture": "#1"},
				"down": {"uv": [5.5, 5.5, 9.5, 9.5], "texture": "#1"}
			}
		},
		{
			"from": [9, 16, 6],
			"to": [10, 16, 9],
			"rotation": {"angle": 0, "axis": "y", "origin": [8, 16, 8]},
			"faces": {
				"up": {"uv": [5.5, 5.5, 6.5, 8.5], "texture": "#1"}
			}
		},
		{
			"from": [6, 16, 9],
			"to": [9, 16, 10],
			"rotation": {"angle": 0, "axis": "y", "origin": [8, 16, 8]},
			"faces": {
				"up": {"uv": [6.5, 8.5, 9.5, 9.5], "texture": "#1"}
			}
		},
		{
			"from": [5, 6, 5],
			"to": [9, 16, 9],
			"rotation": {"angle": 0, "axis": "y", "origin": [0, 8, 1]},
			"faces": {
				"north": {"uv": [7, 0, 11, 10], "texture": "#1"},
				"east": {"uv": [5, 0, 9, 10], "texture": "#1"},
				"south": {"uv": [7, 0, 11, 10], "texture": "#1"},
				"west": {"uv": [5, 0, 9, 10], "texture": "#1"},
				"up": {"uv": [4.5, 6.5, 8.5, 10.5], "texture": "#1"},
				"down": {"uv": [4.5, 6.5, 8.5, 10.5], "texture": "#1"}
			}
		},
		{
			"from": [9, 2, 9],
			"to": [11, 16, 11],
			"rotation": {"angle": 0, "axis": "y", "origin": [3, 8, 2]},
			"faces": {
				"north": {"uv": [9, 0, 11, 14], "texture": "#1"},
				"east": {"uv": [5, 0, 7, 14], "texture": "#1"},
				"south": {"uv": [9, 0, 11, 14], "texture": "#1"},
				"west": {"uv": [5, 0, 7, 14], "texture": "#1"},
				"up": {"uv": [8.5, 4.5, 10.5, 6.5], "texture": "#1"},
				"down": {"uv": [8.5, 4.5, 10.5, 6.5], "texture": "#1"}
			}
		}
	]
}