{
	"credit": "Made with Blockbench",
	"ambientocclusion": false,
	"parent": "minecraft:block/pointed_dripstone",
	"textures": {
		"1": "block/dripstone_block",
		"particle": "block/dripstone_block"
	},
	"elements": [
		{
			"from": [6, 5, 6],
			"to": [10, 16, 10],
			"rotation": {"angle": 0, "axis": "y", "origin": [5, 8, 5]},
			"faces": {
				"north": {"uv": [5.5, 0, 9.5, 11], "texture": "#1"},
				"east": {"uv": [5.5, 0, 9.5, 11], "texture": "#1"},
				"south": {"uv": [5.5, 0, 9.5, 11], "texture": "#1"},
				"west": {"uv": [5.5, 0, 9.5, 11], "texture": "#1"},
				"down": {"uv": [5.5, 5.5, 9.5, 9.5], "texture": "#1"}
			}
		},
		{
			"from": [7, 13, 7],
			"to": [11, 16, 11],
			"rotation": {"angle": 0, "axis": "y", "origin": [2, 8, 3]},
			"faces": {
				"north": {"uv": [7, 0, 11, 3], "texture": "#1"},
				"east": {"uv": [5, 0, 9, 3], "texture": "#1"},
				"south": {"uv": [7, 0, 11, 3], "texture": "#1"},
				"west": {"uv": [5, 0, 9, 3], "texture": "#1"},
				"up": {"uv": [4.5, 6.5, 8.5, 10.5], "texture": "#1"},
				"down": {"uv": [4.5, 6.5, 8.5, 10.5], "texture": "#1"}
			}
		},
		{
			"from": [5, 8, 5],
			"to": [7, 16, 7],
			"rotation": {"angle": 0, "axis": "y", "origin": [-1, 8, -2]},
			"faces": {
				"north": {"uv": [9, 0, 11, 8], "texture": "#1"},
				"east": {"uv": [5, 0, 7, 8], "texture": "#1"},
				"south": {"uv": [9, 0, 11, 8], "texture": "#1"},
				"west": {"uv": [5, 0, 7, 8], "texture": "#1"},
				"up": {"uv": [8.5, 4.5, 10.5, 6.5], "texture": "#1"},
				"down": {"uv": [8.5, 4.5, 10.5, 6.5], "texture": "#1"}
			}
		},
		{
			"from": [6, 16, 7],
			"to": [7, 16, 10],
			"rotation": {"angle": 0, "axis": "y", "origin": [5, 8, 5]},
			"faces": {
				"up": {"uv": [8.5, 6.5, 9.5, 9.5], "texture": "#1"}
			}
		},
		{
			"from": [7, 16, 6],
			"to": [10, 16, 7],
			"rotation": {"angle": 0, "axis": "y", "origin": [5, 8, 5]},
			"faces": {
				"up": {"uv": [5.5, 5.5, 8.5, 6.5], "texture": "#1"}
			}
		}
	]
}