{
	"credit": "Made with Blockbench",
	"ambientocclusion": false,
	"parent": "minecraft:block/pointed_dripstone",
	"textures": {
		"1": "block/dripstone_block",
		"particle": "block/dripstone_block"
	},
	"elements": [
		{
			"from": [5, 0, 5],
			"to": [11, 16, 11],
			"rotation": {"angle": 0, "axis": "y", "origin": [11, 8, 11]},
			"faces": {
				"north": {"uv": [5, 0, 11, 16], "texture": "#1"},
				"east": {"uv": [5, 0, 11, 16], "texture": "#1"},
				"south": {"uv": [5, 0, 11, 16], "texture": "#1"},
				"west": {"uv": [5, 0, 11, 16], "texture": "#1"},
				"up": {"uv": [4.5, 4.5, 10.5, 10.5], "texture": "#1"},
				"down": {"uv": [4.5, 4.5, 10.5, 10.5], "texture": "#1"}
			}
		},
		{
			"from": [8, 0, 4],
			"to": [12, 10, 8],
			"rotation": {"angle": 0, "axis": "y", "origin": [17, 8, 12]},
			"faces": {
				"north": {"uv": [4, 6, 8, 16], "texture": "#1"},
				"east": {"uv": [8, 6, 12, 16], "texture": "#1"},
				"south": {"uv": [8, 6, 12, 16], "texture": "#1"},
				"west": {"uv": [4, 6, 8, 16], "texture": "#1"},
				"up": {"uv": [7.5, 7.5, 11.5, 11.5], "texture": "#1"}
			}
		},
		{
			"from": [8, 0, 4],
			"to": [12, 0, 5],
			"rotation": {"angle": 0, "axis": "y", "origin": [17, 8, 12]},
			"faces": {
				"north": {"uv": [0, 0, 4, 10], "texture": "#1"},
				"east": {"uv": [0, 0, 4, 10], "texture": "#1"},
				"south": {"uv": [0, 0, 4, 10], "texture": "#1"},
				"west": {"uv": [0, 0, 4, 10], "texture": "#1"},
				"up": {"uv": [0, 0, 4, 4], "texture": "#1"},
				"down": {"uv": [7.5, 10.5, 11.5, 11.5], "texture": "#1"}
			}
		},
		{
			"from": [11, 0, 5],
			"to": [12, 0, 8],
			"rotation": {"angle": 0, "axis": "y", "origin": [17, 8, 12]},
			"faces": {
				"north": {"uv": [0, 0, 4, 10], "texture": "#1"},
				"east": {"uv": [0, 0, 4, 10], "texture": "#1"},
				"south": {"uv": [0, 0, 4, 10], "texture": "#1"},
				"west": {"uv": [0, 0, 4, 10], "texture": "#1"},
				"up": {"uv": [0, 0, 4, 4], "texture": "#1"},
				"down": {"uv": [10.5, 7.5, 11.5, 10.5], "texture": "#1"}
			}
		},
		{
			"from": [4, 16, 9],
			"to": [7, 26, 12],
			"rotation": {"angle": 0, "axis": "y", "origin": [13, 8, 19]},
			"faces": {
				"north": {"uv": [9, 6, 12, 16], "texture": "#1"},
				"east": {"uv": [4, 6, 7, 16], "texture": "#1"},
				"south": {"uv": [4, 6, 7, 16], "texture": "#1"},
				"west": {"uv": [9, 6, 12, 16], "texture": "#1"},
				"up": {"uv": [3.5, 3.5, 6.5, 6.5], "texture": "#1"}
			}
		},
		{
			"from": [4, 0, 9],
			"to": [7, 16, 12],
			"rotation": {"angle": 0, "axis": "y", "origin": [13, 8, 19]},
			"faces": {
				"north": {"uv": [9, 0, 12, 16], "texture": "#1"},
				"east": {"uv": [4, 0, 7, 16], "texture": "#1"},
				"south": {"uv": [4, 0, 7, 16], "texture": "#1"},
				"west": {"uv": [9, 0, 12, 16], "texture": "#1"}
			}
		},
		{
			"from": [4, 0, 11],
			"to": [7, 0, 12],
			"rotation": {"angle": 0, "axis": "y", "origin": [13, 8, 19]},
			"faces": {
				"down": {"uv": [3.5, 3.5, 6.5, 4.5], "texture": "#1"}
			}
		},
		{
			"from": [4, 0, 9],
			"to": [5, 0, 11],
			"rotation": {"angle": 0, "axis": "y", "origin": [13, 8, 19]},
			"faces": {
				"down": {"uv": [3.5, 4.5, 4.5, 6.5], "texture": "#1"}
			}
		}
	]
}