{
	"credit": "Made with Blockbench",
	"ambientocclusion": false,
	"textures": {
		"1": "block/dripstone_block",
		"particle": "block/dripstone_block"
	},
	"elements": [
		{
			"from": [4, 0, 4],
			"to": [12, 16, 12],
			"rotation": {"angle": 0, "axis": "y", "origin": [5, 8, 5]},
			"faces": {
				"north": {"uv": [4, 0, 12, 16], "texture": "#1"},
				"east": {"uv": [4, 0, 12, 16], "texture": "#1"},
				"south": {"uv": [4, 0, 12, 16], "texture": "#1"},
				"west": {"uv": [4, 0, 12, 16], "texture": "#1"},
				"up": {"uv": [4, 4, 12, 12], "texture": "#1"},
				"down": {"uv": [4, 4, 12, 12], "texture": "#1"}
			}
		},
		{
			"from": [6, -3, 11],
			"to": [9, 0, 14],
			"rotation": {"angle": 0, "axis": "y", "origin": [0, 8, 6]},
			"faces": {
				"north": {"uv": [9, 0, 12, 3], "texture": "#1"},
				"east": {"uv": [9, 13, 12, 16], "texture": "#1"},
				"south": {"uv": [9, 0, 12, 3], "texture": "#1"},
				"west": {"uv": [9, 0, 12, 3], "texture": "#1"},
				"down": {"uv": [7, 0, 10, 3], "texture": "#1"}
			}
		},
		{
			"from": [6, 0, 11],
			"to": [9, 16, 14],
			"rotation": {"angle": 0, "axis": "y", "origin": [0, 8, 6]},
			"faces": {
				"north": {"uv": [9, 0, 12, 16], "texture": "#1"},
				"east": {"uv": [9, 0, 12, 16], "texture": "#1"},
				"south": {"uv": [9, 0, 12, 16], "texture": "#1"},
				"west": {"uv": [9, 0, 12, 16], "texture": "#1"}
			}
		},
		{
			"from": [6, 16, 12],
			"to": [9, 16, 14],
			"rotation": {"angle": 0, "axis": "y", "origin": [0, 8, 6]},
			"faces": {
				"up": {"uv": [7, 12, 10, 14], "texture": "#1"}
			}
		},
		{
			"from": [5, -6, 1],
			"to": [9, 0, 5],
			"rotation": {"angle": 0, "axis": "y", "origin": [-1, 8, -5]},
			"faces": {
				"north": {"uv": [4, 0, 8, 6], "texture": "#1"},
				"east": {"uv": [4, 0, 8, 6], "texture": "#1"},
				"south": {"uv": [4, 0, 8, 6], "texture": "#1"},
				"west": {"uv": [3.5, 0, 7.5, 6], "texture": "#1"},
				"down": {"uv": [7, 1, 11, 5], "texture": "#1"}
			}
		},
		{
			"from": [5, 0, 1],
			"to": [9, 16, 5],
			"rotation": {"angle": 0, "axis": "y", "origin": [-1, 8, -5]},
			"faces": {
				"north": {"uv": [4, 0, 8, 16], "texture": "#1"},
				"east": {"uv": [4, 0, 8, 16], "texture": "#1"},
				"south": {"uv": [4, 0, 8, 16], "texture": "#1"},
				"west": {"uv": [4, 0, 8, 16], "texture": "#1"}
			}
		},
		{
			"from": [5, 16, 1],
			"to": [9, 16, 4],
			"rotation": {"angle": 0, "axis": "y", "origin": [-1, 8, -5]},
			"faces": {
				"up": {"uv": [7, 1, 11, 4], "texture": "#1"}
			}
		},
		{
			"from": [1, 6, 5],
			"to": [4, 16, 9],
			"rotation": {"angle": 0, "axis": "y", "origin": [-4, 8, 1]},
			"faces": {
				"north": {"uv": [13, 0, 16, 10], "texture": "#1"},
				"east": {"uv": [12, 0, 16, 10], "texture": "#1"},
				"south": {"uv": [13, 0, 16, 10], "texture": "#1"},
				"west": {"uv": [12, 0, 16, 10], "texture": "#1"},
				"up": {"uv": [12, 5, 15, 9], "texture": "#1"},
				"down": {"uv": [12, 5, 15, 9], "texture": "#1"}
			}
		},
		{
			"from": [11, -10, 7],
			"to": [14, 0, 10],
			"rotation": {"angle": 0, "axis": "y", "origin": [5, 8, 0]},
			"faces": {
				"north": {"uv": [0, 0, 3, 10], "texture": "#1"},
				"east": {"uv": [0, 0, 3, 10], "texture": "#1"},
				"south": {"uv": [0, 0, 3, 10], "texture": "#1"},
				"west": {"uv": [0, 0, 3, 10], "texture": "#1"},
				"down": {"uv": [1, 7, 4, 10], "texture": "#1"}
			}
		},
		{
			"from": [11, 0, 7],
			"to": [14, 16, 10],
			"rotation": {"angle": 0, "axis": "y", "origin": [5, 8, 0]},
			"faces": {
				"north": {"uv": [0, 0, 3, 16], "texture": "#1"},
				"east": {"uv": [0, 0, 3, 16], "texture": "#1"},
				"south": {"uv": [0, 0, 3, 16], "texture": "#1"},
				"west": {"uv": [0, 0, 3, 16], "texture": "#1"}
			}
		},
		{
			"from": [12, 16, 7],
			"to": [14, 16, 10],
			"rotation": {"angle": 0, "axis": "y", "origin": [5, 8, 0]},
			"faces": {
				"up": {"uv": [2, 7, 4, 10], "texture": "#1"}
			}
		}
	]
}