{
	"credit": "Made with Blockbench",
	"ambientocclusion": false,
	"parent": "minecraft:block/pointed_dripstone",
	"textures": {
		"1": "block/dripstone_block",
		"particle": "block/dripstone_block"
	},
	"elements": [
		{
			"from": [4, 0, 4],
			"to": [12, 16, 12],
			"rotation": {"angle": 0, "axis": "y", "origin": [12, 8, 12]},
			"faces": {
				"north": {"uv": [4, 0, 12, 16], "texture": "#1"},
				"east": {"uv": [4, 0, 12, 16], "texture": "#1"},
				"south": {"uv": [4, 0, 12, 16], "texture": "#1"},
				"west": {"uv": [4, 0, 12, 16], "texture": "#1"},
				"up": {"uv": [4, 4, 12, 12], "texture": "#1"},
				"down": {"uv": [4, 4, 12, 12], "texture": "#1"}
			}
		}
	]
}