{
	"credit": "Made with Blockbench",
	"ambientocclusion": false,
	"parent": "minecraft:block/pointed_dripstone",
	"textures": {
		"1": "block/dripstone_block",
		"particle": "block/dripstone_block"
	},
	"elements": [
		{
			"from": [4, 0, 4],
			"to": [12, 16, 12],
			"rotation": {"angle": 0, "axis": "y", "origin": [11, 8, 11]},
			"faces": {
				"north": {"uv": [4, 0, 12, 16], "texture": "#1"},
				"east": {"uv": [4, 0, 12, 16], "texture": "#1"},
				"south": {"uv": [4, 0, 12, 16], "texture": "#1"},
				"west": {"uv": [4, 0, 12, 16], "texture": "#1"},
				"up": {"uv": [4, 4, 12, 12], "texture": "#1"},
				"down": {"uv": [4, 4, 12, 12], "texture": "#1"}
			}
		},
		{
			"from": [7, 16, 2],
			"to": [10, 19, 5],
			"rotation": {"angle": 0, "axis": "y", "origin": [16, 8, 10]},
			"faces": {
				"north": {"uv": [9, 13, 12, 16], "texture": "#1"},
				"east": {"uv": [9, 13, 12, 16], "texture": "#1"},
				"south": {"uv": [9, 13, 12, 16], "texture": "#1"},
				"west": {"uv": [9, 13, 12, 16], "texture": "#1"},
				"up": {"uv": [7, 11, 10, 14], "texture": "#1"}
			}
		},
		{
			"from": [7, 0, 2],
			"to": [10, 16, 5],
			"rotation": {"angle": 0, "axis": "y", "origin": [16, 8, 10]},
			"faces": {
				"north": {"uv": [9, 0, 12, 16], "texture": "#1"},
				"east": {"uv": [9, 0, 12, 16], "texture": "#1"},
				"south": {"uv": [9, 0, 12, 16], "texture": "#1"},
				"west": {"uv": [9, 0, 12, 16], "texture": "#1"}
			}
		},
		{
			"from": [7, 0, 2],
			"to": [10, 0, 4],
			"rotation": {"angle": 0, "axis": "y", "origin": [16, 8, 10]},
			"faces": {
				"down": {"uv": [7, 12, 10, 14], "texture": "#1"}
			}
		},
		{
			"from": [7, 16, 11],
			"to": [11, 22, 15],
			"rotation": {"angle": 0, "axis": "y", "origin": [17, 8, 21]},
			"faces": {
				"north": {"uv": [4, 10, 8, 16], "texture": "#1"},
				"east": {"uv": [4, 10, 8, 16], "texture": "#1"},
				"south": {"uv": [4, 10, 8, 16], "texture": "#1"},
				"west": {"uv": [4, 10, 8, 16], "texture": "#1"},
				"up": {"uv": [7, 1, 11, 5], "texture": "#1"}
			}
		},
		{
			"from": [7, 0, 11],
			"to": [11, 16, 15],
			"rotation": {"angle": 0, "axis": "y", "origin": [17, 8, 21]},
			"faces": {
				"north": {"uv": [4, 0, 8, 16], "texture": "#1"},
				"east": {"uv": [4, 0, 8, 16], "texture": "#1"},
				"south": {"uv": [4, 0, 8, 16], "texture": "#1"},
				"west": {"uv": [4, 0, 8, 16], "texture": "#1"}
			}
		},
		{
			"from": [7, 0, 12],
			"to": [11, 0, 15],
			"rotation": {"angle": 0, "axis": "y", "origin": [17, 8, 21]},
			"faces": {
				"down": {"uv": [7, 1, 11, 4], "texture": "#1"}
			}
		},
		{
			"from": [12, 0, 7],
			"to": [15, 10, 11],
			"rotation": {"angle": 0, "axis": "y", "origin": [20, 8, 15]},
			"faces": {
				"north": {"uv": [13, 6, 16, 16], "texture": "#1"},
				"east": {"uv": [12, 6, 16, 16], "texture": "#1"},
				"south": {"uv": [13, 6, 16, 16], "texture": "#1"},
				"west": {"uv": [12, 6, 16, 16], "texture": "#1"},
				"up": {"uv": [12, 5, 15, 9], "texture": "#1"},
				"down": {"uv": [12, 5, 15, 9], "texture": "#1"}
			}
		},
		{
			"from": [2, 16, 6],
			"to": [5, 26, 9],
			"rotation": {"angle": 0, "axis": "y", "origin": [11, 8, 16]},
			"faces": {
				"north": {"uv": [0, 6, 3, 16], "texture": "#1"},
				"east": {"uv": [0, 6, 3, 16], "texture": "#1"},
				"south": {"uv": [0, 6, 3, 16], "texture": "#1"},
				"west": {"uv": [0, 6, 3, 16], "texture": "#1"},
				"up": {"uv": [1, 7, 4, 10], "texture": "#1"}
			}
		},
		{
			"from": [2, 0, 6],
			"to": [5, 16, 9],
			"rotation": {"angle": 0, "axis": "y", "origin": [11, 8, 16]},
			"faces": {
				"north": {"uv": [0, 0, 3, 16], "texture": "#1"},
				"east": {"uv": [0, 0, 3, 16], "texture": "#1"},
				"south": {"uv": [0, 0, 3, 16], "texture": "#1"},
				"west": {"uv": [0, 0, 3, 16], "texture": "#1"}
			}
		},
		{
			"from": [2, 0, 6],
			"to": [4, 0, 9],
			"rotation": {"angle": 0, "axis": "y", "origin": [11, 8, 16]},
			"faces": {
				"down": {"uv": [2, 7, 4, 10], "texture": "#1"}
			}
		}
	]
}