{
	"credit": "Made with Blockbench",
	"ambientocclusion": false,
	"parent": "minecraft:block/pointed_dripstone",
	"textures": {
		"1": "block/dripstone_block",
		"particle": "block/dripstone_block"
	},
	"elements": [
		{
			"from": [6, 0, 6],
			"to": [10, 16, 10],
			"rotation": {"angle": 0, "axis": "y", "origin": [8, 0, 8]},
			"faces": {
				"north": {"uv": [5.5, 0, 9.5, 16], "texture": "#1"},
				"east": {"uv": [5.5, 0, 9.5, 16], "texture": "#1"},
				"south": {"uv": [5.5, 0, 9.5, 16], "texture": "#1"},
				"west": {"uv": [5.5, 0, 9.5, 16], "texture": "#1"},
				"up": {"uv": [5.5, 5.5, 9.5, 9.5], "texture": "#1"}
			}
		},
		{
			"from": [6, 0, 7],
			"to": [7, 0, 10],
			"rotation": {"angle": 0, "axis": "y", "origin": [8, 0, 8]},
			"faces": {
				"down": {"uv": [5.5, 5.5, 6.5, 8.5], "texture": "#1"}
			}
		},
		{
			"from": [7, 0, 6],
			"to": [10, 0, 7],
			"rotation": {"angle": 0, "axis": "y", "origin": [8, 0, 8]},
			"faces": {
				"down": {"uv": [6.5, 8.5, 9.5, 9.5], "texture": "#1"}
			}
		},
		{
			"from": [7, 0, 7],
			"to": [11, 10, 11],
			"rotation": {"angle": 0, "axis": "y", "origin": [16, 8, 15]},
			"faces": {
				"north": {"uv": [7, 6, 11, 16], "texture": "#1"},
				"east": {"uv": [5, 6, 9, 16], "texture": "#1"},
				"south": {"uv": [7, 6, 11, 16], "texture": "#1"},
				"west": {"uv": [5, 6, 9, 16], "texture": "#1"},
				"up": {"uv": [4.5, 6.5, 8.5, 10.5], "texture": "#1"},
				"down": {"uv": [4.5, 6.5, 8.5, 10.5], "texture": "#1"}
			}
		},
		{
			"from": [5, 0, 5],
			"to": [7, 14, 7],
			"rotation": {"angle": 0, "axis": "y", "origin": [13, 8, 14]},
			"faces": {
				"north": {"uv": [9, 2, 11, 16], "texture": "#1"},
				"east": {"uv": [5, 2, 7, 16], "texture": "#1"},
				"south": {"uv": [9, 2, 11, 16], "texture": "#1"},
				"west": {"uv": [5, 2, 7, 16], "texture": "#1"},
				"up": {"uv": [8.5, 4.5, 10.5, 6.5], "texture": "#1"},
				"down": {"uv": [8.5, 4.5, 10.5, 6.5], "texture": "#1"}
			}
		}
	]
}