{
	"credit": "Made with Blockbench",
	"parent": "minecraft:item/pointed_dripstone",
	"textures": {
		"1": "block/dripstone_block",
		"particle": "block/dripstone_block"
	},
	"elements": [
		{
			"from": [6, 0, 6],
			"to": [10, 11, 10],
			"rotation": {"angle": 0, "axis": "y", "origin": [11, 8, 11]},
			"faces": {
				"north": {"uv": [5.5, 5, 9.5, 16], "texture": "#1"},
				"east": {"uv": [5.5, 5, 9.5, 16], "texture": "#1"},
				"south": {"uv": [5.5, 5, 9.5, 16], "texture": "#1"},
				"west": {"uv": [5.5, 5, 9.5, 16], "texture": "#1"},
				"up": {"uv": [5.5, 5.5, 9.5, 9.5], "texture": "#1"}
			}
		},
		{
			"from": [5, 0, 5],
			"to": [9, 3, 9],
			"rotation": {"angle": 0, "axis": "y", "origin": [14, 8, 13]},
			"faces": {
				"north": {"uv": [7, 13, 11, 16], "texture": "#1"},
				"east": {"uv": [0, 13, 4, 16], "texture": "#1"},
				"south": {"uv": [0, 13, 4, 16], "texture": "#1"},
				"west": {"uv": [5, 13, 9, 16], "texture": "#1"},
				"up": {"uv": [4.5, 6.5, 8.5, 10.5], "texture": "#1", "cullface": "down"},
				"down": {"uv": [4.5, 6.5, 8.5, 10.5], "texture": "#1", "cullface": "down"}
			}
		},
		{
			"from": [9, 0, 9],
			"to": [11, 8, 11],
			"rotation": {"angle": 0, "axis": "y", "origin": [17, 8, 18]},
			"faces": {
				"north": {"uv": [0, 8, 2, 16], "texture": "#1"},
				"east": {"uv": [5, 8, 7, 16], "texture": "#1"},
				"south": {"uv": [9, 8, 11, 16], "texture": "#1"},
				"west": {"uv": [0, 8, 2, 16], "texture": "#1"},
				"up": {"uv": [8.5, 4.5, 10.5, 6.5], "texture": "#1", "cullface": "down"},
				"down": {"uv": [8.5, 4.5, 10.5, 6.5], "texture": "#1", "cullface": "down"}
			}
		},
		{
			"from": [9, 0, 6],
			"to": [10, 0, 9],
			"rotation": {"angle": 0, "axis": "y", "origin": [11, 8, 11]},
			"faces": {
				"down": {"uv": [8.5, 6.5, 9.5, 9.5], "texture": "#1"}
			}
		},
		{
			"from": [6, 0, 9],
			"to": [9, 0, 10],
			"rotation": {"angle": 0, "axis": "y", "origin": [11, 8, 11]},
			"faces": {
				"down": {"uv": [5.5, 5.5, 8.5, 6.5], "texture": "#1"}
			}
		}
	],
	"display": {
		"thirdperson_righthand": {
			"rotation": [0, 45, 0],
			"translation": [0, 3.5, 0],
			"scale": [0.5, 0.5, 0.5]
		},
		"thirdperson_lefthand": {
			"rotation": [0, 45, 0],
			"translation": [0, 3.5, 0],
			"scale": [0.5, 0.5, 0.5]
		},
		"firstperson_righthand": {
			"rotation": [0, 45, 0],
			"translation": [1.25, 1.5, 0],
			"scale": [0.5, 0.5, 0.5]
		},
		"firstperson_lefthand": {
			"rotation": [0, 45, 0],
			"translation": [1.25, 1.5, 0],
			"scale": [0.5, 0.5, 0.5]
		},
		"ground": {
			"translation": [0, 2, 0],
			"scale": [0.5, 0.5, 0.5]
		},
		"gui": {
			"rotation": [30, 45, 0],
			"translation": [0, 1, 0]
		},
		"head": {
			"translation": [0, 14.25, 0]
		},
		"fixed": {
			"translation": [0, 2.5, 0.25]
		}
	}
}